Word1,Word2,Euclidean Distance
张无忌,张无忌,0.0
张无忌,赵敏,6.86718
张无忌,周芷若,6.82691
张无忌,段誉,8.371193
张无忌,黄蓉,9.399901
张无忌,小龙女,9.2833185
张无忌,岳不群,8.106502
张无忌,东方不败,9.07307
张无忌,鳌拜,11.0244055
乔峰,张无忌,8.134056
乔峰,赵敏,5.8986683
乔峰,周芷若,5.538126
乔峰,段誉,6.2708716
乔峰,黄蓉,8.291562
乔峰,小龙女,7.5655985
乔峰,岳不群,5.269957
乔峰,东方不败,5.120127
乔峰,鳌拜,6.94202
郭靖,张无忌,9.777371
郭靖,赵敏,8.14549
郭靖,周芷若,7.77546
郭靖,段誉,8.58105
郭靖,黄蓉,5.1025066
郭靖,小龙女,7.2889214
郭靖,岳不群,7.918685
郭靖,东方不败,9.286642
郭靖,鳌拜,10.799471
杨过,张无忌,9.229698
杨过,赵敏,8.129938
杨过,周芷若,7.8300705
杨过,段誉,7.5786223
杨过,黄蓉,5.770179
杨过,小龙女,5.136044
杨过,岳不群,8.343549
杨过,东方不败,9.593461
杨过,鳌拜,11.222145
令狐冲,张无忌,7.369474
令狐冲,赵敏,7.360621
令狐冲,周芷若,7.568213
令狐冲,段誉,7.736325
令狐冲,黄蓉,9.748766
令狐冲,小龙女,9.39287
令狐冲,岳不群,6.642999
令狐冲,东方不败,8.983706
令狐冲,鳌拜,11.2946005
韦小宝,张无忌,11.946056
韦小宝,赵敏,11.204767
韦小宝,周芷若,11.698197
韦小宝,段誉,12.057955
韦小宝,黄蓉,11.317636
韦小宝,小龙女,12.909739
韦小宝,岳不群,12.635323
韦小宝,东方不败,12.263623
韦小宝,鳌拜,12.461851
